id, username, created_at, lng, lat, text
1253051843824910336, FrauJNnLuddy, Wed Apr 22 20:03:34 +0000 2020, 114.299211, 22.503887, I love every second of this MVü•∫#„Ç±„Ç§„Éà #Kate#„Éá„É¨„Çπ„ÉÜMV https://t.co/6lvyE1uNSO 
1253540441506512896, NudaloGina, Fri Apr 24 04:25:05 +0000 2020, 114.185178, 22.271674, @MayWard_PaRin @koreana0126 @gabriel143wp @cocodelrio Loka loka hahahahaha 
1253540465082634240, rugby_mark, Fri Apr 24 04:25:11 +0000 2020, 114.220734, 22.272807, @thehouseelf @sully9rugby @stuhandley @stuartsmith @Hughwatkins Damn. Had originally gone for Underwood but then sw‚Ä¶ https://t.co/KFjzNXDsgs 
1253540500365168640, gi16ertzurc, Fri Apr 24 04:25:19 +0000 2020, 114.111343, 22.341045, @spinph @reubensports Madami p dpat unahin bukod s 10M n ibibigay s mkaka imbento lawakan ntin isip ntin bro ang bo‚Ä¶ https://t.co/dYL9p8LTs1 
1253540565339131904, infosrv, Fri Apr 24 04:25:35 +0000 2020, 114.150000, 22.333300, [13:25:34] 221.124.215.131:62711 &gt;&gt; :23 (TCP:SYN) 
1253542422870544384, ThuPhng56219195, Fri Apr 24 04:32:57 +0000 2020, 105.655425, 20.974660, @NguyenT70169649 ch√∫c b·∫° ng√†y m∆°i vui v·∫ª an l√†nh v√† h·∫°nh ph√∫c nh√© 
1253542423730380800, Claraselin, Fri Apr 24 04:32:58 +0000 2020, 121.561476, 25.085756, @sntda31 ‚ô•Ô∏è‚ô•Ô∏è‚ô•Ô∏è 
1253542424514719744, mnurashrullah, Fri Apr 24 04:32:58 +0000 2020, 103.838094, 1.525403, Mesti stress kena stun dgn eudora kan ehehehe https://t.co/fmNGi0iJ6G 
1253542427282952193, rendranila3004, Fri Apr 24 04:32:59 +0000 2020, 106.157779, -6.114661, Revolusi belum mampu lahir di Bumi Indonesia...masa iya akan dilakukan oleh seorang peneliti. 
1253542427417128960, juangjae, Fri Apr 24 04:32:59 +0000 2020, 123.752966, 8.120474, Per household kuno pero gilista halos tanang myembro sa pamilya. Mura rabag muhatag sa lain -- pang shopping ra raba. Di mn ta xmas rn oy 
1253542428029534208, reza_setiawan01, Fri Apr 24 04:32:59 +0000 2020, 106.512051, -6.118457, @teppy87 Berbagi suami, arisan, quickie express bahkan pintu terlarang bisa dianggap merusak moral bangsa kalau tay‚Ä¶ https://t.co/y23FNkGDZV 
1253542429375913984, Michanata98, Fri Apr 24 04:32:59 +0000 2020, 110.617405, -7.691300, Selamat berpuasa teman teman yang menjalankan ibadahnya https://t.co/QGRg8fTe7C 
1253542430034423808, erfanalamsyah13, Fri Apr 24 04:32:59 +0000 2020, 104.016823, 1.050769, kapanlah lawless burger bar buka di batam zzzz 
1253542430630019074, alteza2828, Fri Apr 24 04:32:59 +0000 2020, 104.678763, -2.971464, @waffleinnuendo @COxCOBASE aku fllw ah 
1253542430877466633, assfess, Fri Apr 24 04:32:59 +0000 2020, 110.422797, -7.874352, `mnfsada yang pernah tambal gigi? kira2 kisaran berapa ya harganya 
1253542431984766981, netotrevino, Fri Apr 24 04:33:00 +0000 2020, 113.419725, 22.869936, @cherrychriss Todo se vuelve a√∫n m√°s perfecto! Mi cherry! 
1253542432223883264, dh3ni, Fri Apr 24 04:33:00 +0000 2020, 106.753688, -6.254589, Hari pertama puasa cuci karpet ditengah panas *lemesny double abis jemur üòë 
1253542433024995328, DediMunawar2, Fri Apr 24 04:33:00 +0000 2020, 95.942575, 5.375675, #ssdm_polri #tribrata#PolisiIndonesia #birosdmpoldaaceh #poldaaceh#rekrutmen_polri #polisihumanis‚Ä¶ https://t.co/oF0Yhhwp49 
1253542435155619841, mmmama778, Fri Apr 24 04:33:00 +0000 2020, 100.778392, 14.030923, ‡πÅ‡∏•‡πâ‡∏ß‡∏ß‡∏¥‡∏ò‡∏µ‡πÇ‡∏à‡∏°‡∏ï‡∏µ‡πÅ‡∏ö‡∏ö‡∏´‡∏¢‡∏≤‡∏ö‡∏Ñ‡∏≤‡∏¢ ‡πÄ‡∏Ç‡∏µ‡∏¢‡∏ô‡∏Ç‡πâ‡∏≠‡∏Ñ‡∏ß‡∏≤‡∏°‡∏ñ‡πà‡∏≠‡∏¢‡πÜ ‡∏î‡πà‡∏≤‡πÄ‡∏ô‡∏µ‡πà‡∏¢ ‡πÑ‡∏°‡πà‡πÄ‡∏ó‡πà‡∏´‡∏£‡∏≠‡∏Å‡∏ô‡∏∞  ‡∏°‡∏±‡∏ô‡∏î‡∏π‡∏ï‡πà‡∏≥ ‡∏î‡∏π‡πÑ‡∏£‡πâ‡∏™‡∏°‡∏≠‡∏á‡∏°‡∏≤‡∏Å‡∏Å‡∏ß‡πà‡∏≤ ‡πÄ‡∏≠‡∏∞‡∏≠‡∏∞‡∏î‡πà‡∏≤ ‡πÄ‡∏≠‡∏∞‡∏≠‡∏∞‡πÅ‡∏Å‡πâ‡∏ú‡πâ‡∏≤‡πÇ‡∏ä‡∏ß‡πå‚Ä¶ https://t.co/BhjDK0AA2W 
1253542435436687360, mingyuheheh, Fri Apr 24 04:33:00 +0000 2020, 112.182331, -7.768192, @subtanyarl Maap bisa beli sendiri 
1253542435629568000, dugspogi, Fri Apr 24 04:33:01 +0000 2020, 121.010803, 14.483414, Sa wakas happy RESTDAY 
1253542437814820864, Piskasyo_aliya, Fri Apr 24 04:33:01 +0000 2020, 120.860080, 15.120023, HAPIBERDEY KIPSS LUVS!!!! Sana matupad yung every 11:11 wish mo na talagang ina-alarm mo pa. Sabay-sabay tayong uma‚Ä¶ https://t.co/xzDvFr1zId 
1253542435516370946, EkaRohmiati, Fri Apr 24 04:33:00 +0000 2020, 104.863682, -4.658304, @claudiaaudie_ @mandi_sore ???? 
1253542440805388288, nekomeys59, Fri Apr 24 04:33:02 +0000 2020, 127.687604, 26.211267, ‰∫àÊÉ≥‰ª•‰∏äÊù±‰∫¨Âúè„ÅÆÁóÖÈô¢„ÅØ„ÄåÊÑüÊüìÊÇ£ËÄÖ„Åß„Å≤„Å£Ëø´„Äç„ÄÄÊñ∞Âûã„Ç¶„Ç§„É´„ÇπÂ∞ÇÁî®Ê≤ªÁôÇÂÆ§„ÅÆÂÜÖÈÉ® https://t.co/NFxvEGso7D @YouTube„Çà„Çä 
1253542440503349248, ljty113, Fri Apr 24 04:33:02 +0000 2020, 101.867313, 25.181132, ‰∏≠ÂõΩÈ©ªÁæéÂ§ß‰ΩøÈ¶ÜÔºü https://t.co/EcQ7rdmzNp 
1253542442608914434, tristanlewiss, Fri Apr 24 04:33:02 +0000 2020, 121.124227, 14.606718, @jeyd_g @Christiannzore fb 
1253542443884019712, flavour_wheel, Fri Apr 24 04:33:02 +0000 2020, 100.628344, 13.725414, üòÇüòÇüòÇüòÇüòÇüòÇ 
1253542445419118592, Nicronemodez, Fri Apr 24 04:33:03 +0000 2020, 112.696967, -7.308312, @gilangmfg Amin.. 
1253542446140538880, iamlorenggg, Fri Apr 24 04:33:03 +0000 2020, 120.422371, 15.335396, Yes, the best parin luto ni Mama! üòç 
1253542446111371265, zoelyamaha, Fri Apr 24 04:33:03 +0000 2020, 101.402237, 0.463819, #YesSwalahan#pekanbarucity #pekanbarufreeongkir #pekanbaruriau #pekanbaruonlineshop #pekanbaruinfo‚Ä¶ https://t.co/NHNPFhvKAY 
1253542445989523457, farishaaazwaa, Fri Apr 24 04:33:03 +0000 2020, 100.479981, 5.552134, Simpan sini ‚ù§Ô∏è https://t.co/bUddM97jWw 
1253542447373680641, berlianaanisya2, Fri Apr 24 04:33:03 +0000 2020, 112.029919, -6.895976, @ttnzzz Gaboleh lemah dong kak 
1253542449139441667, jubilo_jezel, Fri Apr 24 04:33:04 +0000 2020, 120.340247, 14.858850, Sarap lang sa pakiramdam na suportado din sina mama at papa sa pagpapayat ko hahaü•∞ 
1253542449043005444, arifhakimin, Fri Apr 24 04:33:04 +0000 2020, 100.889149, 4.408088, kawan2 ada, family ada. susah apa. 
1253542449324032000, dearahmaaaa, Fri Apr 24 04:33:04 +0000 2020, 112.629076, -7.972495, @fthrnaylah @Um_sansfess @tsaniul Sek kehabisan stok paling wkwk 
1253542449709891585, Diana_nabela, Fri Apr 24 04:33:04 +0000 2020, 112.671043, -7.371628, Gini ya rasanya.. Riwa riwi beli ini itu ngurus ini ituüòÄKaya capek¬≤ seneng gitu sih kalo dah mau kejenjang yg lebi‚Ä¶ https://t.co/agygTh6tCr 
1253542448246054912, kanja080234, Fri Apr 24 04:33:04 +0000 2020, 100.958690, 19.168100, ‡πÅ‡∏Ñ‡πà‡∏Å‡∏π‡∏ö‡∏≠‡∏Å‡∏ß‡πà‡∏≤‡∏Å‡∏≤‡∏á‡πÄ‡∏Å‡∏á‡πÉ‡∏ô‡∏™‡∏ß‡∏¢ ‡πÅ‡∏°‡πâ‡∏á‡∏ñ‡∏≠‡∏î‡πÅ‡∏•‡πâ‡∏ß‡∏¢‡∏Å‡πÉ‡∏´‡πâ‡∏Å‡∏π‡πÄ‡∏•‡∏¢‡∏Å‡∏≤‡∏á‡πÄ‡∏Å‡∏á‡πÉ‡∏ô‡∏ö‡πâ‡∏≤‡∏ô‡πÜ ‡∏Ç‡∏≠‡∏á‡πÑ‡∏≠‡πâ‡∏´‡∏ô‡∏∏‡πà‡∏°‡∏ï‡∏±‡∏ß‡πÄ‡∏•‡πá‡∏Å‡πÅ‡∏ï‡πà‡πÄ‡∏à‡∏µ‡πâ‡∏¢‡∏ß‡πÑ‡∏°‡πà‡πÄ‡∏•‡πá‡∏Å ‡∏´‡∏∏‡πà‡∏ô‡∏•‡∏µ‡∏ô‡πÜ‡∏Å‡∏•‡πâ‡∏≤‡∏°‡πÄ‡∏õ‡πá‡∏ô‡∏•‡∏≠‡∏ô ‡πÉ‚Ä¶ https://t.co/wekZDUkRPj 
1253542450498465792, michangeli__, Fri Apr 24 04:33:04 +0000 2020, 121.213935, 14.155995, @Joseph_Morong Ika nga'y, BURN 
1253542451911909379, moralesnikkiii, Fri Apr 24 04:33:04 +0000 2020, 125.443262, 7.317583, teka langgg!!! 
1253542451853156354, malcolmkeys, Fri Apr 24 04:33:04 +0000 2020, 114.139883, 22.276870, @MisterEdward @AussieGolfer @bigchrisso Tough to hold that green from that angle Simon. How good is Flinders üëçüëçüëçüëç masterpiece 
1253542452041969665, Sephredooo, Fri Apr 24 04:33:04 +0000 2020, 120.969502, 14.430456, @soleiljnncadlf Sana black, Maam! üò© 
1253542452348088324, RahulArav3, Fri Apr 24 04:33:04 +0000 2020, 82.584181, 19.938705, What a sight he was to watch while at his merry days. ü§©Happy Birthday to the man who inspired a generation of pla‚Ä¶ https://t.co/l4CY8AGA4q 
1253542453082128385, DoniSet74745904, Fri Apr 24 04:33:05 +0000 2020, 111.397886, -0.493301, lockdown victims due to covid-19 plague https://t.co/IBuF2QJ4Kv 
1253542454084554752, ahmad_cfc27, Fri Apr 24 04:33:05 +0000 2020, 106.932335, -6.239147, @ChelseaFC Thanks 
1253542453967073280, O1BqFAg3Jc1zFaF, Fri Apr 24 04:33:05 +0000 2020, 104.095856, 15.492801, ‡πÄ‡∏á‡∏µ‡πà‡∏¢‡∏ô https://t.co/3jCx4Ec53D 
1253542455607058434, yushanyusof, Fri Apr 24 04:33:05 +0000 2020, 101.844167, 3.075327, Kemain SpongeBob dan Patrick berbaju Melayu 
1253542455770673153, kmchsvl, Fri Apr 24 04:33:05 +0000 2020, 123.247827, 13.640892, Medyo risky sa naga city if ipapatupad ang GCQ. Knowing na may case pa din dito. 
1253542456097779712, jooo_wanna, Fri Apr 24 04:33:05 +0000 2020, 120.467841, 14.727961, nakakatuwa naman mga profs namen, ambabait may isa lang na naligaw ng landas HAHAHAHAHAHAHA 
1253542456085237760, ketaniteeem, Fri Apr 24 04:33:05 +0000 2020, 109.793774, -7.774026, @nayyasr Sehat terus ayahü§ó 
1253542456219459584, payissss, Fri Apr 24 04:33:05 +0000 2020, 101.677319, 2.668607, @kojie_yama Boleh jawab tak? 
1253542456676585473, sulton_yp, Fri Apr 24 04:33:06 +0000 2020, 112.661137, -7.408608, Camilannya di order gaes. ngabuburit sambil makan camilan camilan ini enak lomangkanya buruan di order sebelum ke‚Ä¶ https://t.co/A1p424tXvw 
1253542458668941313, Faez_Ahmad, Fri Apr 24 04:33:06 +0000 2020, 101.787409, 3.054909, @FayyadhZ https://t.co/mrT61SoxuQ 
1253542459226779648, yippieyayoyeah, Fri Apr 24 04:33:06 +0000 2020, 121.104887, 14.646971, @PiggyBabe18 Okay naman po 
1253542459906289664, AllenClaireA, Fri Apr 24 04:33:06 +0000 2020, 125.117439, 7.042644, @pipoyoreiro As in? Hahahahahahaha sige sige unya mutan aw ko 
1253542460749279233, IBS_13, Fri Apr 24 04:33:06 +0000 2020, 110.350594, -7.802309, @mqrtabak Cek dm kak 
1253542461932105729, jheanacole, Fri Apr 24 04:33:07 +0000 2020, 120.983987, 14.591456, whOaaaaaa good afternoon talaga samin ng mga ate,, magsasama-sama talaga kami sa impyerno!!! 
1253542461827198977, kynaalkhaired05, Fri Apr 24 04:33:07 +0000 2020, 101.696438, 2.931291, Kat office aku ada biskut tauuu. Jgn macam2 eah. Kang aku seludup masuk office aku aku ngap oreo üòÇüòÇüòÇ 
1253542463676899328, AmmieTwoPeeMz, Fri Apr 24 04:33:07 +0000 2020, 100.612125, 13.819337, @LateCyA124 ‡∏¢‡∏±‡∏á‡∏Ñ‡πà‡∏∞‡∏¢‡∏±‡∏á‡∏û‡∏µ‡πà‡∏ô‡∏¥ ‡∏≠‡∏±‡∏ô‡∏ô‡∏µ‡πâ‡∏Ç‡∏≠‡∏á‡πÄ‡∏Å‡∏≤‡∏´‡∏£‡∏µ‡∏ó‡∏µ‡πà‡πÄ‡∏≠‡∏≤‡∏°‡∏≤‡∏õ‡∏•‡πà‡∏≠‡∏¢‡∏Ñ‡πà‡∏∞ üòÇüòÇüòÇ 
1253542463848894465, yudhistirahat, Fri Apr 24 04:33:07 +0000 2020, 107.140068, -6.370803, @neomukiyopta @allemonadee @subtanyarl Makasi nder 
1253542464079593472, jheanacole, Fri Apr 24 04:33:07 +0000 2020, 120.983987, 14.591456, @mnjoycee @chelswhutt @amandalycious 
1253542466298339328, kthalexandria, Fri Apr 24 04:33:08 +0000 2020, 123.255463, 9.241783, hehe 
1253542466810048514, ChandraWijayaP6, Fri Apr 24 04:33:08 +0000 2020, 99.066391, 1.863564, Padahal pertengahan mei mau balik semarang gimana ini? 
1253542467867045888, azifanuar73, Fri Apr 24 04:33:08 +0000 2020, 100.571735, 6.160018, @faris_syahmii Padu tam 
1253542469821579264, psupawadeehotm1, Fri Apr 24 04:33:09 +0000 2020, 103.172367, 15.095251, #GOT7 #IGOT7 #GOT7_MCOUNTDOWN #GOT7_NOTBYTHEMOON 
1253542470429753348, debiisusanto, Fri Apr 24 04:33:09 +0000 2020, 112.705515, -7.961284, Teman-teman, selamat menjalankan ibadah puasa ya. Semoga Tuhan melancarkan semuanya sampai hari kemenangan tiba. Se‚Ä¶ https://t.co/nBWwlX5boo 
1253542472333975553, awitwh_, Fri Apr 24 04:33:09 +0000 2020, 110.408789, -7.767696, @MahasiswaUMS Dosen tercintaa (tp boong) wkwk 
1253542473202192385, KtcatsRahman, Fri Apr 24 04:33:09 +0000 2020, 101.686968, 3.138874, @CeraHusin Amin ra.. doakan akak ...doakan ramadan kali ni lebih baik dr sebelum2 ni.... doakan akan jadi baik n istiqamah ‚ù§ 
1253542472174587906, a_ashash_, Fri Apr 24 04:33:09 +0000 2020, 138.450865, 34.788120, #„ÅäÂºÅÂΩìËÉ°È∫ªÂ°©ÁéÑÁ±≥„ÅîÈ£Ø„ÄÅÈ∂èËÇâ„ÅÆ„Ç¨„Éº„É™„ÉÉ„ÇØ„ÇΩ„ÉÜ„Éº„ÄÅ„Ç™„É†„É¨„ÉÑ„ÄÅ„Ç¶„Ç§„É≥„Éä„Éº„ÄÅ„Åç„ÇÖ„ÅÜ„Çä„ÅÆÂ°©ÊòÜÂ∏ÉÊº¨„Åë„ÄÅ„ÅÑ„Å°„Åîüçì https://t.co/hdRC8OhPRA 
1253542474338844672, SuciPus__, Fri Apr 24 04:33:10 +0000 2020, 110.408789, -7.767696, @adelalalaide Anjeng anak sialan -_- 
1253542475299319809, azeerahamir, Fri Apr 24 04:33:10 +0000 2020, 101.653675, 3.032925, Mana macam lah orang boleh enjoy kerja dekat rumah siap boleh buat macam-macam sedangkan aku kerja dari rumah dia p‚Ä¶ https://t.co/OrLEB3h8Wk 
1253542475748143104, MusicgeekGeron, Fri Apr 24 04:33:10 +0000 2020, 120.933833, 14.675515, HOOOOOY! Less than 12 hours before #‡∏Ñ‡∏±‡πà‡∏ô‡∏Å‡∏πEP10 üòÇ Excited na ako marinig ulit ang Raikan Topeni at Est Cola. 55555+‚Ä¶ https://t.co/lt0Rh4Zioy 
1253542475991379968, gemmannette, Fri Apr 24 04:33:10 +0000 2020, 121.124227, 14.606718, Nina: I want you to burrrrmn 
1253542476301783041, ReiSMITH1995, Fri Apr 24 04:33:10 +0000 2020, 120.536873, 17.955486, @GIANT_VIN Hanngang 3 am onwards tayo ganern. 
1253542476633247745, DavionMcConnell, Fri Apr 24 04:33:10 +0000 2020, 127.764409, 26.319714, @BrownBearMafia 
1253542477295828993, joancharmed, Fri Apr 24 04:33:10 +0000 2020, 120.966741, 14.751303, Yun pa pinili? ü§¶‚Äç‚ôÄÔ∏è Di bagay teh ghurl!Wala pa rin sa tono! ü§¶‚Äç‚ôÄÔ∏è 
1253542478407299072, hrnndzmtch, Fri Apr 24 04:33:11 +0000 2020, 120.995337, 14.438828, hahahaha BOLD üò´ 
1253542478818369538, anggitadeska, Fri Apr 24 04:33:11 +0000 2020, 106.932335, -6.239147, @hasbulhadi @dimasharyow kalian ginj dong ntr sore nyari takjil 
1253542479858556928, YhaniGAGA, Fri Apr 24 04:33:11 +0000 2020, 121.006950, 14.532882, ü§∑üèº‚Äç‚ôÄÔ∏è 
1253542480269545473, chickendisbelab, Fri Apr 24 04:33:11 +0000 2020, 121.174816, 14.067509, Josh saan mo tinatago ang kinakain mo ah? Hindi pa end of the world hinay lang sa pagkain#SB19 @SB19Official‚Ä¶ https://t.co/n64ogj3uft 
1253542481171341313, ijat_asni, Fri Apr 24 04:33:11 +0000 2020, 101.227257, 4.377878, @benasyraf Kann. Tengok sneak peek pun dah excited. 
1253542481603354624, butter_boy31, Fri Apr 24 04:33:11 +0000 2020, 101.850548, 15.571537, @tepballvingg11 ‡∏Ç‡∏≠‡∏á‡πÇ‡∏õ‡∏£‡∏î ‡∏ö‡∏¥‡πä‡∏Å‡∏ä‡∏µ‡∏™‡∏ó‡πå‡∏ó‡∏µ‡πà ‡∏´‡∏±‡∏ß‡πÅ‡∏î‡∏á‡πÜ‡∏ñ‡∏≠‡∏Å‡πÜ‡πÉ‡∏ä‡πà‡πÑ‡∏´‡∏°‡∏Ñ‡∏£‡∏±‡∏ö 
1253542482509328385, rmysnchz, Fri Apr 24 04:33:12 +0000 2020, 125.329414, 5.737996, ü•∫ü•∫ 
1253542482773602304, enggaruu, Fri Apr 24 04:33:12 +0000 2020, 109.629800, -7.364780, Aku lupa aku lupa wkwkw https://t.co/ALDqvue7LA 
1253542482341699584, MrGenjiz, Fri Apr 24 04:33:12 +0000 2020, 103.145009, 1.910718, ü§£ https://t.co/fyogvdUK2t 
1253542483620794368, Jiiiyageeeyl, Fri Apr 24 04:33:12 +0000 2020, 120.461168, 15.589291, @stephmdna @lylelacandazo HAHAHAHA 
1253542484249993217, Nicolecayanan17, Fri Apr 24 04:33:12 +0000 2020, 121.031310, 14.407883, @DanaoPat tara na maglaro 
1253542484606517248, itsmeBLUE16, Fri Apr 24 04:33:12 +0000 2020, 125.142527, 6.144298, Dir gyud to na, nikalit lang shower akong luha hahaha like literally üò≠ 
1253542485613334528, nomnloey, Fri Apr 24 04:33:12 +0000 2020, 120.138632, -4.481001, @akusukasusuna Makasihh 
1253542485218869249, DediMunawar2, Fri Apr 24 04:33:12 +0000 2020, 95.942575, 5.375675, #ssdm_polri #tribrata#PolisiIndonesia #birosdmpoldaaceh #poldaaceh#rekrutmen_polri #polisihumanis‚Ä¶ https://t.co/bn9HjXDdsA 
1253542485692841985, thesemproel, Fri Apr 24 04:33:12 +0000 2020, 106.802217, -6.189470, @Puji_wida Udah wa,cm centang 1 mba 
1253542486200340481, JekWrrn, Fri Apr 24 04:33:13 +0000 2020, 121.102140, 14.010905, Katamad kumain 
1253542487299260416, TJ03030, Fri Apr 24 04:33:13 +0000 2020, 100.525283, 13.847269, ‡∏Å‡∏≥‡∏•‡∏±‡∏á‡∏ó‡∏¢‡∏≠‡∏¢‡∏ï‡∏≠‡∏ö‡∏Ç‡πâ‡∏≠‡∏Ñ‡∏ß‡∏≤‡∏° DM ‡∏ï‡∏≠‡∏ô‡∏ô‡∏µ‡πâ‡∏ï‡∏≠‡∏ö‡πÑ‡∏õ‡πÅ‡∏•‡πâ‡∏ß 500 ‡∏≠‡∏µ‡∏Å 300 ‡∏Å‡∏ß‡πà‡∏≤‡∏Ç‡∏≠‡∏ö‡∏Ñ‡∏∏‡∏ì‡∏ó‡∏∏‡∏Å‡∏Ñ‡∏ô‡∏ó‡∏µ‡πà‡∏ó‡∏±‡∏Å‡∏°‡∏≤‡∏Ñ‡∏£‡∏±‡∏ö ‚ô•Ô∏è 
1253542487999668226, Ashraf1_786, Fri Apr 24 04:33:13 +0000 2020, 82.584181, 19.938705, @OkkadiFanIkada üòÇüòÇüôè 
1253542488201031680, zoochanzx, Fri Apr 24 04:33:13 +0000 2020, 101.552669, 3.051220, Angel corpseDeicideDeathMorbid Angel 
1253542488779841536, baraberisik, Fri Apr 24 04:33:13 +0000 2020, 110.219732, -7.490702, @PutrAldina Mohon maap ga valid, mie ayam biasa lebih enak daripada yg ayamnya kek gitu üôèüèª 
1253542491262840832, ravin_isaac, Fri Apr 24 04:33:14 +0000 2020, 103.838094, 1.525403, @nashagirll Stay sweet 
1253542491611000832, Nikfaez_, Fri Apr 24 04:33:14 +0000 2020, 103.296600, 3.667598, pelik ah. anok beranok dia ada je hok jual nape tanye orang lain. banyak kali gok perasan ni. adeh 
1253542493431316480, prilianabella, Fri Apr 24 04:33:14 +0000 2020, 106.856809, -6.225842, @fathanfathan_ @BapaknyaRico ohahaa maap pak saya rapokus üòå 
1253542495109038080, Borneojaya13, Fri Apr 24 04:33:15 +0000 2020, 99.350513, 3.295247, @tandanVradio @PurbaHermanto @aniesbaswedan dia gak ada mentrinya bong... 
1253542495784296450, v_nanovianti, Fri Apr 24 04:33:15 +0000 2020, 106.891450, -6.333025, @isranurhadi Dih, aku kan udah terlatih puasa dari SD tauuuukkk üòÇ cuma dulu mulai dari puasa bedug üòÜ 
1253542495822049280, anisapamungki, Fri Apr 24 04:33:15 +0000 2020, 111.104236, -6.673900, @byu_id Min aku udh 3 bulan pake by.u kok gk dapet bonus 1gb kaya yg lain ya ? 
1253542496505704448, leleeeng1, Fri Apr 24 04:33:15 +0000 2020, 124.628501, 8.376078, @DorotheaYanez1 Abi pa lang di weak HABABAHABABAHAHAHA 
1253542498019860480, NRiadiana, Fri Apr 24 04:33:15 +0000 2020, 112.426580, -8.210751, @menmarzuq Jangan lupa memberi makan gary. 
1253542500997959680, liang_mac, Fri Apr 24 04:33:16 +0000 2020, 115.154498, -8.683435, ùôéùô™ùô¢ùô¢ùôöùôßùô©ùôûùô¢ùôö ùôéùôñùôôùô£ùôöùô®ùô® ! Kiss me hard before you go, Á¶ªÂà´‰πãÂâçËØ∑ÂÜç‰∫≤Êàë‰∏ÄÊ¨°ÔºåSummertime sadness, Ë∞®‰ª•Á∫™ÂøµËøôÂ§èÊó•ÁöÑÂøß‰º§ÔºåI just wanted you to‚Ä¶ https://t.co/vkc0ufyYun 
1253542501329207298, tookies24, Fri Apr 24 04:33:16 +0000 2020, 100.635361, 13.791116, @MarvelNows ‡∏õ‡πã‡∏≤ ‡∏ï‡πâ‡∏≠‡∏á‡∏ã‡∏∑‡πâ‡∏≠‡πÉ‡∏´‡πâ‡∏´‡∏ô‡∏∏‡∏™‡∏¥ //‡∏ö‡∏µ‡∏ö‡πÜ‡∏ô‡∏ß‡∏î‡πÜ 
1253542501949923328, NiceTrian, Fri Apr 24 04:33:16 +0000 2020, 106.834450, -6.232960, @HeadBAErista Yeay ü•≥ 
1253542502113538048, IndahNovitaR, Fri Apr 24 04:33:16 +0000 2020, 100.400374, -0.458332, Sumpah lg males bgt menyesuaikan diri sekarang, apalagi di banyak tempat sekalian, bikin capek. Terserah yg menilai aja deh. 
1253542501719265282, ElsaviaNindiana, Fri Apr 24 04:33:16 +0000 2020, 109.193585, -6.881440, Diantara doa sebagian sahabat ketika datang Ramadhan, üåπ‚òïüåπÿßŸéŸÑŸÑŸéŸëŸáŸèŸÖŸéŸë ÿ≥ŸéŸÑŸêŸëŸÖŸíŸÜŸÄŸêŸä ÿ•ŸêŸÑŸéŸâ ÿ±ŸéŸÖŸéÿ∂ŸéÿßŸÜŸé ŸàŸéÿ≥ŸéŸÑŸêŸëŸÖŸí ŸÑŸêŸÄŸä ÿ±Ÿé‚Ä¶ https://t.co/yl6c4iPb8a 
1253542502889635841, Tasha_Asha96, Fri Apr 24 04:33:17 +0000 2020, 102.467907, 2.269608, Puasa kt rumah aku mmg jarang beli makanan kt luar. Tak tahu kenapa. Kalau aku keluar pun, aku beli air je. Suka ma‚Ä¶ https://t.co/PVdQAx0vZD 
1253542502960738304, flook_kung1009, Fri Apr 24 04:33:17 +0000 2020, 101.254177, 17.216676, ‡∏ô‡∏µ‡πà‡πÄ‡πÄ‡∏´‡∏•‡∏∞555 
1253542505435377667, farhatimardhiah, Fri Apr 24 04:33:17 +0000 2020, 110.704802, -7.695889, @sattoraji Wkwkwkwkw tiap hari senyam senyum terus ü§£ 
1253542506450444288, missaramhd, Fri Apr 24 04:33:17 +0000 2020, 101.705305, 3.148531, Wow 
1253542507796783105, Jebondocpogi, Fri Apr 24 04:33:18 +0000 2020, 120.661912, 15.067761, 2.5k shares naaaaa HAJAHAHAHA 
1253542508287541249, kuteringathati, Fri Apr 24 04:33:18 +0000 2020, 107.651627, -6.923759, @____poor @infosebel wkwkwk pendatang 
1253542510397231105, fatineryna, Fri Apr 24 04:33:18 +0000 2020, 101.552669, 3.051220, gigihnyaü§¶‚Äç‚ôÄÔ∏è 
1253542510732865536, dearahmaaaa, Fri Apr 24 04:33:18 +0000 2020, 112.629076, -7.972495, @HasbiAshhh Iki aku buko 
1253542510611165184, ayuelstari, Fri Apr 24 04:33:18 +0000 2020, 106.719417, -6.266508, Ini benar adanya üò≠ 
1253542512142106624, DJshyam1, Fri Apr 24 04:33:19 +0000 2020, 106.838240, -6.132986, @musniumar Setuju sekali saran frofesor,cuman ini yang di PHK pekerja yang memang gak punya tabungan. 
1253542515682115585, jlvillaruel11, Fri Apr 24 04:33:20 +0000 2020, 124.917931, 6.953700, I‚Äôm really sorry üò≠ 
1253542515665301504, coraliabali, Fri Apr 24 04:33:20 +0000 2020, 115.256130, -8.517018, @Indounik @YouTube Yes this company make our day more lighter, Now days plenty of dragonfly , few colorful butterfl‚Ä¶ https://t.co/okRbY4syP2 
1253542516051361792, SelviHamdi, Fri Apr 24 04:33:20 +0000 2020, 117.583600, 3.309300, Âè™Ë¶Å‰Ω†‰∏çÊîæÂºÉÔºå‰Ω†Â∞±ËøòÊúâÊú∫‰ºöÊîæÂºÉ‰∫ÜÂ∞±ÊòØÊúÄÂ§ßÁöÑÂ§±Ë¥•„ÄÇIf you don‚Äôt give up, you still have a chanceGiving up is the greatest failure.üë∏üèªüë∏üèª @ T‚Ä¶ https://t.co/PU4Dw5ZT0c 
1253542516713914368, Jiiiyageeeyl, Fri Apr 24 04:33:20 +0000 2020, 120.461168, 15.589291, @eizzirr Ahahahaha Inom uli 
1253542517217214470, tamie_oon, Fri Apr 24 04:33:20 +0000 2020, 116.413727, 0.098577, Hmmmm 
1253542517112320000, DediMunawar2, Fri Apr 24 04:33:20 +0000 2020, 95.942575, 5.375675, #ssdm_polri #tribrata#PolisiIndonesia #birosdmpoldaaceh #poldaaceh#rekrutmen_polri #polisihumanis‚Ä¶ https://t.co/r9V7zyWvyW 
1253542516785176576, Olivmartcenvy, Fri Apr 24 04:33:20 +0000 2020, 119.405115, -5.136045, yawlaahhh taeh untung sy gak puasa, jd bisa marah liat ngana bafoto seperti iniüò° https://t.co/pOyflJWRPG 
1253542519343706113, extravarge, Fri Apr 24 04:33:20 +0000 2020, 121.039261, 14.584755, Remember that Pigrolac commercials? Or yung film poster ng Boyhood. Nakahiga lang siya tapos nasisilaw sa liwanag ng langit. Damn. 
1253542519888994304, Dk_demesa, Fri Apr 24 04:33:21 +0000 2020, 120.700974, 15.111106, san banda ganda mo??? hahahahahahaahahaha 
1253542519742197761, rchlbltyo, Fri Apr 24 04:33:21 +0000 2020, 121.000277, 14.540648, üòµ https://t.co/aSBSWIdOhs 
1253542520543309824, heyyitsabiii, Fri Apr 24 04:33:21 +0000 2020, 121.192388, 16.536944, Argh me and my paranoid mind. 
1253542521487015942, dekplapodd, Fri Apr 24 04:33:21 +0000 2020, 100.882904, 12.929023, ‡πÅ‡∏Å‡∏Å‡∏Å...‡πÄ‡∏™‡∏∑‡πâ‡∏≠‡∏£‡πâ‡∏≤‡∏ô‡∏ô‡πâ‡∏≠‡∏á‡∏ô‡πà‡∏≤‡∏£‡∏±‡∏Å‡∏°‡∏≤‡∏Å‡∏≠‡∏∞  ‡∏ä‡∏±‡πâ‡∏ô‡∏£‡∏≠‡∏ï‡∏≥!!! 
1253542522472849409, balqiskurf, Fri Apr 24 04:33:21 +0000 2020, 106.833630, -6.491684, Saatnya berbagi @ Cibinong https://t.co/1DwZBtM9bQ 
1253542524683030529, SuciPus__, Fri Apr 24 04:33:22 +0000 2020, 110.408789, -7.767696, @arbycipta Hahahahahaa 
1253542524792090624, friscaresty, Fri Apr 24 04:33:22 +0000 2020, 109.003755, -6.868102, Bt 
1253542525345820674, _redho77, Fri Apr 24 04:33:22 +0000 2020, 105.495849, -4.334980, Ada yang udah batal hari ini ? 
1253542525349933056, azliansyah_John, Fri Apr 24 04:33:22 +0000 2020, 101.686968, 3.138874, @amrazr_ Masak awal, lapar awal. Siap masak terus ngapp ke cemane.? 
1253542525719048199, syaafiqmikhaail, Fri Apr 24 04:33:22 +0000 2020, 101.202598, 4.647132, @missalvy_ Thank you aunty sayang ü•∞ 
1253542525727461378, JshnKtMntrl, Fri Apr 24 04:33:22 +0000 2020, 121.124227, 14.606718, Huh? Tumatambay kayo sa mall para makigamit ng wifi???? https://t.co/Ijv3FJFSUZ 
1253542526625013762, jrdnlcnl, Fri Apr 24 04:33:22 +0000 2020, 120.661912, 15.067761, Konti nalanggg... https://t.co/3FoBh3e0wE 
1253542527304527874, heyitsnam, Fri Apr 24 04:33:22 +0000 2020, 103.834193, 1.290529, Natatawa ko sa gc namin nv mga tita ko sa side ng daddy HAHAHAHAHAHAH HAVEY üòÖü§£ü§£ü§£ 
1253542527296102400, nuliiiddRF, Fri Apr 24 04:33:22 +0000 2020, 106.825442, -6.145419, @ShaFajrin @cunggun Gemes bgt ya ampun üòç 
1253542527858143234, xianeyaaa, Fri Apr 24 04:33:22 +0000 2020, 123.323882, 13.314418, u look holy but the real things u‚Äôre malandeh irl,,, godbless u üôÇüòù 
1253542528852213761, allenrenzo_, Fri Apr 24 04:33:23 +0000 2020, 120.892978, 14.131471, @nasshjvill Mas okay na yan kesa gabi. 
1253542529263267841, lo_ve_lyn, Fri Apr 24 04:33:23 +0000 2020, 119.403973, 11.202331, Kaos is described as a darkly comedic and contemporary reimagining of greek mythology https://t.co/FUhwDgcqb2 
1253542531368812544, Shazlinyusri__, Fri Apr 24 04:33:23 +0000 2020, 103.738877, 1.582298, Takdalah spam sampai banyak macam tu , matila kau ni.. NAMPAK SANGAT KAU TAK PENTING ü§£ü§£ü§£ 
1253542531649818630, arisseisthename, Fri Apr 24 04:33:23 +0000 2020, 123.942861, 10.355342, Lamia ihilak oy. Kanang mahurot na akong luha ba 
1253542530869628929, NatthaweeKittk1, Fri Apr 24 04:33:23 +0000 2020, 100.502187, 13.712877, Benzac AC 2.5%,5% ‡πÄ‡∏õ‡πá‡∏ô‡∏¢‡∏≤‡∏ó‡∏≤‡∏Å‡πà‡∏≠‡∏ô‡∏•‡πâ‡∏≤‡∏á‡∏´‡∏ô‡πâ‡∏≤‡∏ó‡∏µ‡πà‡∏ó‡∏∏‡∏Å‡∏Ñ‡∏ô‡∏Ñ‡∏ß‡∏£‡∏°‡∏µ ‡∏ä‡πà‡∏ß‡∏¢‡∏¢‡∏±‡∏ö‡∏¢‡∏±‡πâ‡∏á‡∏Å‡∏≤‡∏£‡πÄ‡∏à‡∏£‡∏¥‡∏ç‡πÄ‡∏ï‡∏¥‡∏ö‡πÇ‡∏ï‡∏Ç‡∏≠‡∏á‡πÄ‡∏ä‡∏∑‡πâ‡∏≠‡∏™‡∏¥‡∏ß ‡∏Å‡∏≤‡∏£‡∏≠‡∏±‡∏Å‡πÄ‡∏™‡∏ö‡∏Ç‡∏≠‡∏á‡∏™‡∏¥‡∏ß ‡∏ú‡∏•‡∏±‡∏î‡πÄ‡∏ã‡∏•‡∏•‡πå‚Ä¶ https://t.co/616G0liHAS 
1253542531742105607, integrallipat, Fri Apr 24 04:33:23 +0000 2020, 108.191476, -7.390300, Bro, asli nanya bikin instastory dalam keadaan half naked tuh maksudnya apa ya? Maaf aja nih, tb 163 cm &amp; bb 45 kg‚Ä¶ https://t.co/x5jiluwwvd 
1253542531347824640, toko74_part, Fri Apr 24 04:33:23 +0000 2020, 106.809173, -6.244585, A1102000515 Meyle 0282710001 Thermostat 71¬∞ W124,W123,W201 isinya ajaRp100.000 per pcToko74 Mercedes BenzGunu‚Ä¶ https://t.co/SCE6ythqNY 
1253542533231230978, lilikapriadi_3, Fri Apr 24 04:33:24 +0000 2020, 111.650000, -7.550000, Mahaban ya Ramadhan.. @ Caruban, Jawa Timur, Indonesia https://t.co/CNO6rOqE3K 
1253542533533061121, BenHakker, Fri Apr 24 04:33:24 +0000 2020, 120.345274, 23.150548, @Mc_Gareth_911 ü§£ü§£ü§£ Et pourtant!! 
1253542533830860800, vicerylle4ever, Fri Apr 24 04:33:24 +0000 2020, 120.962806, 13.883388, https://t.co/LyES3Fxymt 
1253542535756013569, jiollibee, Fri Apr 24 04:33:24 +0000 2020, 121.062736, 14.683012, @rizzosardonicus Aww. Thanks. ü•∞ 
1253542536108376065, sinclairsyazwan, Fri Apr 24 04:33:24 +0000 2020, 101.552669, 3.051220, @CikAnjelina BERRAHMADAN YEHHH. Weh awat aku baru tau video ni 
1253542536301301760, xter1018, Fri Apr 24 04:33:25 +0000 2020, 120.777431, 14.811669, @xxemxxi haha to be fair, kung di natin sila iisipan ng masama, I honestly really feel like either ang taas ng prid‚Ä¶ https://t.co/Fhl7XyTX8C 
1253542537404362752, Riyaneko_21, Fri Apr 24 04:33:25 +0000 2020, 106.719417, -6.266508, Salahkah, kami yang tak mengerti semua kenyataan. Perbedaan menurut kami adalah suatu keindahan, ataukah kalian yan‚Ä¶ https://t.co/7Ndpjmk3L0 
1253542537958051842, Milanurfak, Fri Apr 24 04:33:25 +0000 2020, 110.465208, -7.744383, Ini baru hari pertama puasa.  Bener2 harus sabar kuat jangan nangis mila bisa. Oke (?) 
1253542538016772096, desintakesa, Fri Apr 24 04:33:25 +0000 2020, 110.418504, -6.958598, @itstikka @HarjunaGalang @TalkinAndy Beneeeerrrrr :( 
1253542540134936576, guntoero, Fri Apr 24 04:33:25 +0000 2020, 108.794322, -7.161259, umur udah 24tahun , tapi puasa gak pernah bareng istri sedih campur te paruguh heuheuu .. 
1253542540667568128, flrdukolauban, Fri Apr 24 04:33:26 +0000 2020, 124.248404, 7.201479, üìå 
1253542541296717824, Jerichotan_, Fri Apr 24 04:33:26 +0000 2020, 122.299114, 13.872946, @jamilicous Bawasi 
1253542543481946117, it_sseang, Fri Apr 24 04:33:26 +0000 2020, 121.062736, 14.683012, Mamatay ako kakatawa sa ginawa ni jamie depota HAHAHAA 
1253542543423188993, wawa_ashar, Fri Apr 24 04:33:26 +0000 2020, 101.383005, 3.038033, @syueshariff @DeebaDeeb @Izzazhrddin Tak gais.. yang aku nak semua sold out.. so beli ler zaraaa.. üòò https://t.co/7nraPaVEI9 
1253542544928960512, Peacemi80763550, Fri Apr 24 04:33:27 +0000 2020, 98.358641, 7.851197, ‡πÄ‡∏Ç‡∏¥‡∏ô‡∏î‡πâ‡∏ß‡∏¢‡∏Ñ‡∏ô‚Äã ‡∏î‡∏∑‡∏≠‡∏°‡∏≤‡∏Å‡∏Å‡∏Å‚Äã üòäüòäüòä 
1253542545360957440, Diana_nabela, Fri Apr 24 04:33:27 +0000 2020, 112.671043, -7.371628, Sego berkat 
1253542545801580548, khusna_15, Fri Apr 24 04:33:27 +0000 2020, 111.988994, -7.966285, Kucingnya kena corona di US habis minggu kmaren tiger üò≠üò≠ 
1253542546350895104, ninatuazon_, Fri Apr 24 04:33:27 +0000 2020, 121.062736, 14.683012, ewan ko na https://t.co/SVyUC3UG07 
1253542547571404802, dyyo___, Fri Apr 24 04:33:27 +0000 2020, 107.060521, -6.803508, @tukangbac0t boleh jg tuh sop buah 
1253542547978215424, dayyan_rizqi, Fri Apr 24 04:33:27 +0000 2020, 100.995977, 4.453669, @Hazayiad_7 ü§™üë∂üèª 
1253542548481560576, Penkampar, Fri Apr 24 04:33:27 +0000 2020, 101.202598, 4.647132, #JabatanPenerangan #PeneranganPerak #PeneranganKampar#Covid19#DudukRumah 
1253542550951956482, jubilo_jezel, Fri Apr 24 04:33:28 +0000 2020, 120.340247, 14.858850, Mga biniling pagkain literal pangdiet talaga üòÅ 
1253542552306806786, montblancxviii, Fri Apr 24 04:33:28 +0000 2020, 112.800231, -7.314341, @apelsygkm Iya ini lagi charge pake leptop 
1253542552419962880, alifhafiz25, Fri Apr 24 04:33:28 +0000 2020, 103.931850, 1.551671, @zimis19 Kene amik masa lagi nih. Haha 
1253542552935923713, ic3d_coffee, Fri Apr 24 04:33:28 +0000 2020, 106.838818, -6.471974, eh jangan deh, tar gue ngantuk pas tarawih krn gula darah spiked-up üò≠ 
1253542553405632512, masthomcat, Fri Apr 24 04:33:29 +0000 2020, 115.226140, -8.705968, @DlANASAURUS Baru bangun pasti kan lu kebo 
1253542553820880898, aa_gusss, Fri Apr 24 04:33:29 +0000 2020, 112.647156, -7.959109, @aaaahrhf WOY 
1253542554236121088, Nickskein, Fri Apr 24 04:33:29 +0000 2020, 145.774064, -19.160037, @RuPaul call me mother challenge #rupauldragrace #callmemother #dancechallenge #aussieboys #gaucouple #maledancers‚Ä¶ https://t.co/l8CPZYsWv0 
1253542555611828230, bLeindis_marvz, Fri Apr 24 04:33:29 +0000 2020, 123.019330, 10.421660, @KeaxanV YASSS. The cutest cuzen hahaha üòç‚ù§Ô∏è 
1253542555712544771, littleegiant, Fri Apr 24 04:33:29 +0000 2020, 112.608575, -7.989709, @Fafiisss kate menghina ngko ae mas lek wes allahumma laka sumtu 
1253542555913981952, IrfanIsmail93, Fri Apr 24 04:33:29 +0000 2020, 103.751200, 1.469100, Selamat berpuasa dari adik aisy, adik aisy tak puasa sbb kecik lg üòõüòõ @ Johor Bahru https://t.co/fcReQJEDbR 
1253542555205152768, SKlungkung, Fri Apr 24 04:33:29 +0000 2020, 115.406184, -8.524973, Kanit Turjawali Sat. Sabhara Polres Klungkung Iptu I Ketut Merta bersama anggota Patroli di seputaran Pantai Watu K‚Ä¶ https://t.co/KPfu5dFWgE 
1253542555574136832, DediMunawar2, Fri Apr 24 04:33:29 +0000 2020, 95.942575, 5.375675, #ssdm_polri #tribrata#PolisiIndonesia #birosdmpoldaaceh #poldaaceh#rekrutmen_polri #polisihumanis‚Ä¶ https://t.co/YICXdA9myh 
1253542556110958594, nathan_towtow, Fri Apr 24 04:33:29 +0000 2020, 124.003903, 13.022508, Lovelove‚ù§Ô∏è‚ù§Ô∏è‚ù§Ô∏è 
1253542556832432128, pagalanxkyle, Fri Apr 24 04:33:29 +0000 2020, 124.840371, 10.717272, SANA ALLLLLL!!!! 
1253542556765261824, arrylgardon_7, Fri Apr 24 04:33:29 +0000 2020, 124.051722, 12.598930, mahinang nilalang ü§£ https://t.co/96HG5fNXSE 
1253542557600018434, BustomiEshal, Fri Apr 24 04:33:30 +0000 2020, 112.717409, -7.277097, Aku bukan santriTak layak jika aku di sebut seorang santri, karena aku belum bisa menunjukkan karakter seorang san‚Ä¶ https://t.co/SzVVgkzstz 
1253542560204636160, asdjgjkzxf, Fri Apr 24 04:33:30 +0000 2020, 120.936363, 13.888924, header &amp; icon üíó 
1253542561249062919, flrkjumalon, Fri Apr 24 04:33:30 +0000 2020, 125.443262, 7.317583, BAAAAAABBB ü•∞ü•∞ 
1253542562364719104, intanjusuff, Fri Apr 24 04:33:31 +0000 2020, 107.544962, -6.906856, @yogigumgum Artinya sama saya saya juga cuma beda penempatannya aja... ‚Äúsaya‚Äù nya sebagai apaKalau you itu ÎÑà atau ÎÑ§Í∞Ä 
1253542564122120192, alyannaf_, Fri Apr 24 04:33:31 +0000 2020, 122.946224, 14.112065, dae na ako makakasiring laguna hayy 
1253542565447495680, mayzyko, Fri Apr 24 04:33:31 +0000 2020, 100.628344, 13.725414, @emmy_w @FORYOO879 ‡πÇ‡∏≠‡πâ‡∏¢‡∏¢‡∏¢ ‡∏´‡∏•‡πà‡∏≠‡∏ó‡∏∞‡∏•‡∏∏‡πÅ‡∏°‡∏™ ‡∏Ñ‡∏∑‡∏≠‡∏ï‡πâ‡∏≠‡∏á‡∏ï‡∏±‡πâ‡∏á‡∏™‡∏ï‡∏¥‡πÅ‡∏Ñ‡πà‡πÑ‡∏´‡∏ô‡πÄ‡∏ô‡∏µ‡πâ‡∏¢‡∏¢‡∏¢‡∏¢ 
1253542565640499200, VersaTopQc, Fri Apr 24 04:33:32 +0000 2020, 121.062736, 14.683012, @temightycaptain @Cutie_Virgil Ikaw lang naman nilalandi ko noon kaso ayaw mo eh 
1253542565854408704, yunique_p, Fri Apr 24 04:33:32 +0000 2020, 100.608170, 13.701322, ‡πÄ‡∏°‡∏∑‡πà‡∏≠‡∏Å‡∏µ‡πä‡πÇ‡∏ó‡∏£‡∏´‡∏≤‡∏•‡∏π‡∏Å‡∏Ñ‡πâ‡∏≤ ‡πÉ‡∏ä‡πâ‡πÄ‡∏™‡∏µ‡∏¢‡∏á‡∏£‡∏≠‡∏™‡∏≤‡∏¢‡πÄ‡∏û‡∏•‡∏á‡∏ä‡∏≤‡∏£‡πå‡∏•‡∏µ ‡πÅ‡∏•‡πâ‡∏ß‡∏ú‡πà‡∏≤‡∏ô‡πÑ‡∏õ‡∏ó‡πà‡∏≠‡∏ô‡∏ô‡∏∂‡∏á‡∏•‡∏π‡∏Å‡∏Ñ‡πâ‡∏≤‡∏¢‡∏±‡∏á‡πÑ‡∏°‡πà‡∏£‡∏±‡∏ö‡∏™‡∏≤‡∏¢ ‡∏î‡πâ‡∏ß‡∏¢‡∏Ñ‡∏ß‡∏≤‡∏°‡πÄ‡∏õ‡πá‡∏ô Puthinator ‡πÄ‡∏Å‡πà‡∏≤ ‡∏´‡∏≤‡∏¢‡πÉ‡∏à‡πÄ‚Ä¶ https://t.co/X6AtA6fFmj 
1253542567544680448, reviii_nay, Fri Apr 24 04:33:32 +0000 2020, 107.168966, -7.231022, @blueisskies Fb hehe 
1253542569264308224, nomnloey, Fri Apr 24 04:33:32 +0000 2020, 120.138632, -4.481001, @chruncheezy Kamu dimana? 
1253542569574686720, NeylaVaris, Fri Apr 24 04:33:32 +0000 2020, 111.541565, -7.838177, @TMahardikaP Itu maksudnya bikin nasi goreng toping Ceres ?? 
1253542570719764481, mayanncebusana, Fri Apr 24 04:33:33 +0000 2020, 121.161046, 14.554666, Sa lahat ng pinagsasabe mo isang sorry mo lang marupok ulit ako 
1253542570719719424, TriHariyadi_666, Fri Apr 24 04:33:33 +0000 2020, 111.230689, -7.510903, Yen poso ngeneki howone pengen ngombe sprite, seger iki diombe pas awanüòÇ https://t.co/t5hYrgDnzZ 
1253542572137410560, hypefatpanda, Fri Apr 24 04:33:33 +0000 2020, 110.384872, -6.978917, @i8pizzaaaa Emang pantec janinnya 
1253542572896616454, SilviAriska14, Fri Apr 24 04:33:33 +0000 2020, 114.438069, -8.624777, Ya gimana ya, diemin aja udah üòÇ 
1253542573215342592, J_CNX01, Fri Apr 24 04:33:33 +0000 2020, 98.881623, 18.609021, 5555555555 
1253542574347837440, gorgyjoe, Fri Apr 24 04:33:34 +0000 2020, 125.776953, 8.808107, oh my lordddd, thankyouuu!!! 
1253542576293961731, VMaulidany8, Fri Apr 24 04:33:34 +0000 2020, 106.926007, -6.377322, @kenskenni Eh sori bgt njah... Eh ken... 
1253542577279627270, flavour_wheel, Fri Apr 24 04:33:34 +0000 2020, 100.628344, 13.725414, ü•∞ 
1253542578311426050, sherven_naash27, Fri Apr 24 04:33:35 +0000 2020, 101.552669, 3.051220, Give me 10million USD ... fuck YEAH I'M GOING 
1253542578626027520, doddammiee, Fri Apr 24 04:33:35 +0000 2020, 106.910523, -6.159102, Tapi iya masa gw kalo liat hyunjin, dia vibes nya seojun gituu 
1253542579133542400, rennydesavi, Fri Apr 24 04:33:35 +0000 2020, 118.029809, -2.550365, @Dapi__ @emshenny Haduuh biyung! Bikin ngidam! Ora iso tekan Jakarta ta? 
1253542579464892416, akmaleee_, Fri Apr 24 04:33:35 +0000 2020, 107.622668, -6.934168, @ilyasM15 kaluar ngke bareng jeung kembang tahu 
1253542580177924096, galang_iramani, Fri Apr 24 04:33:35 +0000 2020, 123.419819, -2.470479, Ke Satpol 
1253542581658501122, ShielaManzn, Fri Apr 24 04:33:35 +0000 2020, 121.062736, 14.683012, @fmpotenciano Mga boys nag ml pa ung iba wala pang gawa 
1253542582249861120, mavseeh, Fri Apr 24 04:33:35 +0000 2020, 120.983987, 14.591456, @kzzhkryll i can sense it 
1253542583965331456, alamsetiabudi, Fri Apr 24 04:33:36 +0000 2020, 115.256130, -8.517018, @baykei Gaada kerjaan coy wkwk 
1253542583986315265, reyhanfg, Fri Apr 24 04:33:36 +0000 2020, 106.600612, -6.243781, @ditya15pratama @bryandff @botmeong @rohelineee @Bobogoodboy @adityayusfahf @BudhiLaksana7 Subjek+predikat+objek+anjayy 
1253542584997122054, urKristineG, Fri Apr 24 04:33:36 +0000 2020, 120.968701, 14.313529, don‚Äôt touch me,, productive ako today ü§™ HAHAHAHA 
1253542585173344257, IqbalMU27, Fri Apr 24 04:33:36 +0000 2020, 101.476010, -2.048621, Flitto untuk segala macam terjemahan! Dari terjemahan AI hingga terjemahan pro dengan komisi rendah! #Flitto https://t.co/128kemKyNB 
1253542585869557761, shppn39, Fri Apr 24 04:33:36 +0000 2020, 100.530075, 13.998613, ‡πÄ‡∏´‡∏°‡∏∑‡∏≠‡∏ô‡∏à‡∏∞‡∏õ‡πà‡∏ß‡∏¢‡πÄ‡∏´‡∏£‡∏≠‡∏ß‡∏∞ 
1253542585924071427, dyyo___, Fri Apr 24 04:33:36 +0000 2020, 107.060521, -6.803508, @yogasn7 yu bisa yu goy hahaa 
1253542586024751104, iamelainnemay18, Fri Apr 24 04:33:36 +0000 2020, 121.320718, 14.056016, okay bitin yung 365days hahaha. Part II pleaseee 
1253542587908030464, eronkleyr, Fri Apr 24 04:33:37 +0000 2020, 120.815769, 14.824526, @triciariveraa love you temyang!!! 
1253542588159680512, rolexcoasteride, Fri Apr 24 04:33:37 +0000 2020, 123.000131, 10.652827, Baw ang magulang ko ya daw di uso ang quarantine. HAHHAHAHA. Managyo pa ya inugbakal pinta para sa balay. Hooy, wal‚Ä¶ https://t.co/1a3wxlM0a2 
1253542588696547329, SamsonHuang4, Fri Apr 24 04:33:37 +0000 2020, 114.158000, 22.282600, .Áñ´..Hong KongMarch, 2020.#reportage #spicollective #mask #Á¥ÄÂØ¶ #Á¥ÄÂØ¶ÊîùÂΩ± #coronavirus #È¶ôÊ∏ØÂä†Ê≤π #È¶ôÊ∏Ø #photojournalist‚Ä¶ https://t.co/ddN5Oe3suq 
1253542589061455872, potdelarosaaa_, Fri Apr 24 04:33:37 +0000 2020, 121.767468, 17.599868, May naghahanap po ba jan ng apartment? Dm me hehe 
1253542589254361089, badongthefourth, Fri Apr 24 04:33:37 +0000 2020, 124.628501, 8.376078, W A  N A K O Y  L I N G A W  .  D A W B E ? 
1253542589636083712, Diana_nabela, Fri Apr 24 04:33:37 +0000 2020, 112.671043, -7.371628, Hari pertama puasa dibulan Ramadhan 
1253542589992558592, NSNH365, Fri Apr 24 04:33:37 +0000 2020, 100.680087, 13.716193, ‡πÅ‡∏ï‡πà‡∏û‡πà‡∏≠‡∏à‡∏∞‡πÄ‡∏•‡∏µ‡πâ‡∏¢‡∏á‡πÄ‡∏Ñ‡πâ‡∏ö‡∏ã‡∏µ‡πÜ‡πÜ‡πÜ‡πÜ 
1253542590026153984, whatsupming, Fri Apr 24 04:33:37 +0000 2020, 123.846722, 10.374833, WHAAAAT HAHAHHAHAHA 
1253542592572092417, integrallipat, Fri Apr 24 04:33:38 +0000 2020, 108.191476, -7.390300, BODY SHAMMING ANJ WKWKW 
1253542592890802177, Kerryonly1, Fri Apr 24 04:33:38 +0000 2020, 100.390039, 13.931493, @Mewty_Bear ‡∏£‡∏∏‡∏õ‡πÄ‡∏Å‡πà‡∏≤ ‡πÄ‡∏•‡πà‡∏≤‡πÉ‡∏´‡∏°‡πà https://t.co/WShBGINJKT 
1253542594946248709, masborrr, Fri Apr 24 04:33:38 +0000 2020, 110.681331, -6.626046, @sofwan_sy Kali aja minat gan bisa japri gapake nikol https://t.co/aAO5qtjxxr 
1253542595436806145, RICHkiajuni, Fri Apr 24 04:33:39 +0000 2020, 108.753809, -7.258546, @Bintu_Abdillahh Hmmm... nice! Jazaakumullaahu khairan 
1253542595558428673, edlovewithyou, Fri Apr 24 04:33:39 +0000 2020, 121.082345, 14.583306, @iamecka @bhone08 
1253542597856907264, itzyaboyallen, Fri Apr 24 04:33:39 +0000 2020, 121.018687, 13.812213, Semi kalbo this summer!! 
1253542598360231937, tanitasaras, Fri Apr 24 04:33:39 +0000 2020, 110.754518, -7.555838, üò≠üò≠üò≠ jahaaaattt 
1253542598699913216, 4thE81, Fri Apr 24 04:33:39 +0000 2020, 120.983987, 14.591456, @DeckCabet Hahaha potaahhh üòÇüòÇüòÇ 
1253542600071495682, IrfanEterna, Fri Apr 24 04:33:40 +0000 2020, 101.552669, 3.051220, @zlfdzl_ Ko nk gedik antara lelaki ke ü§£ü§£ü§£ 
1253542600260251648, Leader407God, Fri Apr 24 04:33:40 +0000 2020, 100.390039, 13.931493, ‡∏≠‡∏¢‡∏∏‡πà‡∏ö‡πâ‡∏≤‡∏ô‡∏à‡∏ô‡πÄ‡∏ö‡∏∑‡πà‡∏≠‡πÅ‡∏•‡πâ‡∏ß 
1253542600537026561, DediMunawar2, Fri Apr 24 04:33:40 +0000 2020, 95.942575, 5.375675, #ssdm_polri #tribrata#PolisiIndonesia #birosdmpoldaaceh #poldaaceh#rekrutmen_polri #polisihumanis‚Ä¶ https://t.co/lijU3gFsHE 
1253542600771960833, PolsekBantarsa2, Fri Apr 24 04:33:40 +0000 2020, 108.904987, -7.596442, Kapolsek Bantarsari bersama Forkompinca kecamatan Bantarsari menghadiri musyawarah di kantor Desa Bulaksari. Hasil‚Ä¶ https://t.co/qYRxQRwx4f 
1253542601342492672, ianlow32, Fri Apr 24 04:33:40 +0000 2020, 103.848728, 1.358625, Porkball Congee - A comfort food made with a heartwarming simplicity.When we have to be home all the time, it‚Äôs t‚Ä¶ https://t.co/swqtKNaEzg 
1253542601770233857, thic_gf, Fri Apr 24 04:33:40 +0000 2020, 104.137242, 35.808031, „Å™„Çì„ÇÑ„Å≠„Çì‰ªäÊõ¥Ê∂à„Åà„Çç 
1253542602340589568, binsent01, Fri Apr 24 04:33:40 +0000 2020, 118.780801, 9.908660, Hoy bakit bawal below 21 years old lumabas? paano ako maghahanap ng trabaho!!!! 
1253542602495807488, nicawesome_, Fri Apr 24 04:33:40 +0000 2020, 120.899548, 14.329444, naol sw33t 
1253542603024289793, fazrulazril, Fri Apr 24 04:33:40 +0000 2020, 103.141190, 5.329645, @_ahmdhafizzudin @twtFM_MY @FCTerengganu Ouhhh baik. 
1253542603469074434, saytan132524, Fri Apr 24 04:33:41 +0000 2020, 101.667258, 12.804215, @KQhYfYv8bC5Jm0N @2GnkA67t5ZlN3sI ‡πÑ‡∏õ‡πÉ‡∏´‡∏ô‡∏´‡∏£‡∏≤.. 
1253542603976404993, mingyuheheh, Fri Apr 24 04:33:41 +0000 2020, 112.182331, -7.768192, Gaboleh misuh misuh hayooo hmm 
1253542604408410112, rizzkystwn, Fri Apr 24 04:33:41 +0000 2020, 110.504521, -7.771340, Seko wetan 
1253542604672659457, joyjumpp, Fri Apr 24 04:33:41 +0000 2020, 100.585711, 13.733137, ‡∏≠‡∏¢‡∏≤‡∏Å‡πÑ‡∏î‡πâ‡πÄ‡∏á‡∏¥‡∏ô‡∏Ñ‡∏∑‡∏ô‡∏Ñ‡πà‡∏≤ netflix ‡πÅ‡∏•‡πâ‡∏ß‡∏á‡∏µ‡πâ‡πÄ‡∏°‡∏∑‡πà‡∏≠‡πÑ‡∏£‡∏à‡∏∞‡∏î‡∏π‡πÑ‡∏î‡πâ‡∏≠‡∏∞‡∏ó‡∏≥‡πÑ‡∏°‡∏à‡∏∞‡∏ï‡πâ‡∏≠‡∏á‡∏°‡∏≤‡πÅ‡∏´‡∏Å vpn ‡πÅ‡∏•‡πâ‡∏ß‡∏î‡∏π‡πÇ‡∏Ü‡∏©‡∏ì‡∏≤‡πÄ‡∏û‡∏∑‡πà‡∏≠‡πÑ‡∏î‡πâ‡∏î‡∏π‡∏î‡πâ‡∏ß‡∏¢ 
1253542604823621633, ppamy_army, Fri Apr 24 04:33:41 +0000 2020, 103.860051, 18.205208, @pursdesepr ‡∫ñ‡∫ß‡∫≤‡∫ç‡∫ô‡∫ª‡∫°‡∫Å‡ªâ‡∫ß‡∫ç‡ªÄ‡∫•‡∫µ‡∫ç‡∫ç 
1253542605154967552, _DangerousAngel, Fri Apr 24 04:33:41 +0000 2020, 121.062736, 14.683012, Sige agawin niyo na yung crush ko hindi na ako makikisali sa inyo basta huwag na huwag niyo aagawin sakin yung asaw‚Ä¶ https://t.co/gmaN0n8t45 
1253542606799171590, dlsrys02, Fri Apr 24 04:33:41 +0000 2020, 120.983987, 14.591456, @mrshljade https://t.co/hTZbFyqGUZ 
1253542607738699782, jesuisrosae, Fri Apr 24 04:33:42 +0000 2020, 110.227796, -7.912645, @arsantip_ @FiersaBesari selalu menginginkan teh wkwk 
1253542608653004800, irwan_sho, Fri Apr 24 04:33:42 +0000 2020, 107.596834, -7.068087, Marhaban ya Ramadhan, Selamat Menunaikan Shaum Ramadhan 1441 H. #ramadhanmubarak #ramadhanathome https://t.co/j8tJykWT5S 
1253542609219227648, EncrgzClyde, Fri Apr 24 04:33:42 +0000 2020, 121.082345, 14.583306, Hindi kaya sardinas at kape talaga ang gamot sa covid19? 
1253542609223471105, IainAgcaoili, Fri Apr 24 04:33:42 +0000 2020, 121.124227, 14.606718, Wtf? WAGAHAHAHAH mas batak pa sa bato ah üòÇ 
1253542609240256512, xingkeeth, Fri Apr 24 04:33:42 +0000 2020, 120.999886, 14.537529, Palabok. Tara! #tanghalian @ Pasay,manila https://t.co/IoRiCccWwZ 
1253542609265364997, shrcmdngn, Fri Apr 24 04:33:42 +0000 2020, 114.711789, 4.524472, I just like how he got jealous.Ranting what he feels abt the other night. And no excuses daw, Even how far I am,‚Ä¶ https://t.co/pFzGlOVgTl 
1253542610662121474, errafarhanaa, Fri Apr 24 04:33:42 +0000 2020, 101.552669, 3.051220, @bahiyahjazlan Hi sis boleh :) tapi minimum 5 orders 
1253542610704011265, AMaleechan, Fri Apr 24 04:33:42 +0000 2020, 99.947015, 8.425151, @extra_07 üòÅüòÅ 
1253542609768771584, addryalsiddiq, Fri Apr 24 04:33:42 +0000 2020, 101.578495, 3.156512, Lengkap satu set #teamnike https://t.co/lgVrJtFcFs 
1253542611295469569, bobby_nacario, Fri Apr 24 04:33:42 +0000 2020, 123.421118, 13.440839, na stress ako ng very light. 
1253542611589054465, syzwnshd, Fri Apr 24 04:33:42 +0000 2020, 101.686968, 3.138874, u scared lor 
1253542612977348609, dayang_fazal, Fri Apr 24 04:33:43 +0000 2020, 116.013465, 5.588361, Hahahahahah tu pun maybe bawah darjah 4 sebab kdg budak2 skg darjah 4 pun ada yg baligh dh.. ü§≠ 
1253542614214643712, oppaoppaan, Fri Apr 24 04:33:43 +0000 2020, 110.345154, -7.736615, @ilham_ms_ @Rhmnvt Kalian cukup pantau twitter aku untuk tahu kesibukan sehari2 ku sebulan terakhir ini 
1253542614831255552, alidumalasco, Fri Apr 24 04:33:43 +0000 2020, 120.960645, 14.676312, ü§óü§óü§ó 
1253542616232165376, vicerylle4ever, Fri Apr 24 04:33:44 +0000 2020, 120.962806, 13.883388, mameeeh opening!! 
1253542616815169536, paolienmarie_, Fri Apr 24 04:33:44 +0000 2020, 120.770260, 14.901152, gusto ko na manuod, epal naman tong mga gawain. 
1253542617612083201, Dgb_Putri, Fri Apr 24 04:33:44 +0000 2020, 111.004491, -7.835109, @mamengompol Ra kenal. Ra folo aku o 
1253542618459369472, sudhansunayak27, Fri Apr 24 04:33:44 +0000 2020, 91.559758, 26.259671, @arvindpadhee @ushapadhee1996 Happy marriage anniversary to both of you Ma‚Äôam and Sir üíêüíê 
1253542618409119745, dwh840864583, Fri Apr 24 04:33:44 +0000 2020, 113.419725, 22.869936, "Coronavirus: Philippines in need of nurses as cases spike" #Coronavirus https://t.co/88cGQvhUMX 
1253542618862100480, roy62473460, Fri Apr 24 04:33:44 +0000 2020, 110.408789, -7.767696, @ganipsasongko Asuuu lagi we Poso su, kui wae ra jemen nek Poso mu tekan 
1253542619109441539, cizburga, Fri Apr 24 04:33:44 +0000 2020, 116.106867, -8.581813, I mean,, i need something just like this~ https://t.co/1Dj84ASISf 
1253542619897925633, Mark_Lingafelt, Fri Apr 24 04:33:44 +0000 2020, 100.880834, 12.927496, @overtime @mixeduppasha That look he gives her at 0.09 Seconds... LMAO. #gonnabeadomestic 
1253542621600866305, ReneRabaja, Fri Apr 24 04:33:45 +0000 2020, 120.050612, 16.084079, @ASAPOFFICIAL Happy birthday Sir! 
1253542621810581506, ivanasprerr, Fri Apr 24 04:33:45 +0000 2020, 121.224916, 14.562762, jwu 
1253542623102431232, mfathulislam, Fri Apr 24 04:33:45 +0000 2020, 113.811078, 3.946493, @FareedaSZ üëÄ 
1253542623739998213, k0ikingd0m, Fri Apr 24 04:33:45 +0000 2020, 121.062736, 14.683012, 7487 1596 2345 #pokemongo #trainercodeLet 's be friends! :D 
1253542624419393537, Helloopandaaa, Fri Apr 24 04:33:46 +0000 2020, 103.814171, -3.625608, @suka_nii_mam Yauda kita mutualan aja kalo gituu mwehe 
1253542624666894337, NANDLALMAURYA, Fri Apr 24 04:33:46 +0000 2020, 82.584181, 19.938705, ‡§ï‡•ç‡§Ø‡§æ ‡§ï‡§ø‡§∏‡•Ä ‡§ï‡§æ ‡§Ö‡§∏‡§≤‡•Ä ‡§®‡§æ‡§Æ ‡§≤‡•á‡§®‡§æ ‡§ó‡•Å‡§®‡§æ‡§π ‡§π‡•à? ‡§Ö‡§ó‡§∞ ‡§π‡§æ‡§Å ‡§§‡•ã ‡§ú‡§¨ ‡§Ø‡•ã‡§ó‡•Ä ‡§ú‡•Ä ‡§ï‡•ã ‡§Ö‡§ú‡§Ø ‡§¨‡§ø‡§∑‡•ç‡§ü ‡§ï‡§π‡§ï‡§∞ ‡§∏‡§Ç‡§¨‡•ã‡§ß‡§ø‡§§ ‡§ï‡§ø‡§Ø‡§æ ‡§ú‡§æ ‡§∞‡§π‡§æ ‡§•‡§æ ‡§§‡§¨ ‡§ï‡§π‡§æ‡§Å ‡§•‡•á? ‡§î‡§∞‚Ä¶ https://t.co/pSA3Xra0GM 
1253542625874870274, jackrangga10, Fri Apr 24 04:33:46 +0000 2020, 110.458088, -7.047778, @idnefe_ @magicsugarr Sholat Jumat cuk 
1253542625543503874, mamat_zura, Fri Apr 24 04:33:46 +0000 2020, 100.217700, 5.335962, Hijau nampak menawan. Lagi indah kalau turun berat badan.Amalkan bersama jus herba untuk kesan lebih mempersona.‚Ä¶ https://t.co/R6mg1FqMGJ 
1253542626780839936, prtwns, Fri Apr 24 04:33:46 +0000 2020, 110.416787, -7.621937, Mb nya luccuuu üòÇ 
1253542627158290432, francineeemeyy, Fri Apr 24 04:33:46 +0000 2020, 123.846722, 10.374833, jwu, good af HAHAHAHAHAH 
1253542628089454592, cheeleleng, Fri Apr 24 04:33:46 +0000 2020, 120.983987, 14.591456, @Mitch_Colinares ikaw kaya ibagsak ko huh??? u want??? 
1253542628240453632, AmmieTwoPeeMz, Fri Apr 24 04:33:46 +0000 2020, 100.612125, 13.819337, @sunshinepeachyj ‡πÄ‡∏õ‡∏¥‡∏î‡∏Å‡πà‡∏≠‡∏ô‡∏ô‡∏ô ‡πÄ‡∏õ‡∏¥‡∏î‡∏Ç‡∏≠‡∏á‡∏ï‡∏±‡∏ß‡πÄ‡∏≠‡∏á‡∏Å‡πà‡∏≠‡∏ô ‡πÅ‡∏•‡πâ‡∏ß‡∏Ñ‡πà‡∏≠‡∏¢‡πÅ‡∏ß‡∏∞‡∏ï‡∏•‡∏≤‡∏î‡∏°‡∏∑‡∏î‡πÉ‡∏´‡∏°‡πà //‡∏Ç‡∏≠‡πÉ‡∏´‡πâ‡πÑ‡∏°‡πà‡∏ô‡∏Å‡∏Ñ‡∏±‡∏ö! 
1253542629679050752, kang_park_kir, Fri Apr 24 04:33:47 +0000 2020, 112.165118, -8.101634, @MENANG04 Sangat feeling good.. 
1253542629851070464, shahidasaidii, Fri Apr 24 04:33:47 +0000 2020, 101.578495, 3.156512, @afiqahzukri Yg ni la husband dok risau. Semalam parking keta terus cakap "ok motor ada, fuhh" Haha. Tapi takleh hi‚Ä¶ https://t.co/dkOCI5iAgP 
1253542629993660418, nomnloey, Fri Apr 24 04:33:47 +0000 2020, 120.138632, -4.481001, maap aku jbjb sksd 
1253542630102876160, bagonk4nrs, Fri Apr 24 04:33:47 +0000 2020, 107.004623, -6.283817, Karyawan sudah mempercayai perusahaan.. Tetapi perusahaan mengkhianati karyawan... Karena di ancam pihak lain...‚Ä¶ https://t.co/ICOX6SwAN9 
1253542632757907463, ichafredie, Fri Apr 24 04:33:48 +0000 2020, 110.445594, -7.711567, @chintaimbran bau masakan begitu menyiksa üò≠ 
1253542635282685954, idnefe_, Fri Apr 24 04:33:48 +0000 2020, 100.347445, 1.286005, @lalalalisa_sa Gamau lagi puasa. 
1253542636859715586, RavenAshleyyyyy, Fri Apr 24 04:33:48 +0000 2020, 120.851002, 14.114627, Ako'y kinikilig sa mga nagsesend saken ng video na may nagalaw galaw na lyrics pisti HAHAHAHAHA 
1253542637082013696, heruanggaSS, Fri Apr 24 04:33:49 +0000 2020, 106.108873, -2.302570, Ayat allah mah bagus Semua . Dan cantik kaaamuu ü§™ 
1253542637501419520, AgengJaya_, Fri Apr 24 04:33:49 +0000 2020, 110.227796, -7.912645, @winandityaID Koei ngopo mun ngadimun! 
1253542636843159552, Dheaivanndd26, Fri Apr 24 04:33:48 +0000 2020, 114.259179, -8.380642, Bismillaah @ShopeeID #ShopeeTanamTHR10M https://t.co/HgbmhQuwjv 
1253542639242113024, Daniel_Cezar19, Fri Apr 24 04:33:49 +0000 2020, 120.574430, 18.043085, Magandang Tanghali ‚õÖÔ∏è 
1253542640252940288, osea_erica, Fri Apr 24 04:33:49 +0000 2020, 121.039261, 14.584755, @fhayerytale ang di daw nasabi kanina sa tv na lugar under general EC. di na nabanggit QP e. 
1253542641691590657, nizarfzn, Fri Apr 24 04:33:50 +0000 2020, 108.511607, -7.379406, @fldzt Happy Birthday FildPanjang umur sehat selalu üôè 
1253542642945683458, JeremyJoeNava, Fri Apr 24 04:33:50 +0000 2020, 121.273676, 16.571145, louder, louder!! 
1253542643528634371, selebwasapp, Fri Apr 24 04:33:50 +0000 2020, 122.060168, -9.535486, @chandrf__ Udah abis lauknya ü§£ 
1253542647160926216, natthika3381, Fri Apr 24 04:33:51 +0000 2020, 100.628344, 13.725414, @LGBT696969 555‡∏ú‡∏µ 
1253542648100450305, septi_anggra02, Fri Apr 24 04:33:51 +0000 2020, 105.559727, -5.535812, @Lugasdrsandy @RikiNugroho15 @NurHusadaKurnia Riki tu yg ngajak2 wkwk 
1253542648557662208, kristeldevillaa, Fri Apr 24 04:33:51 +0000 2020, 120.962806, 13.883388, liligo nako pagkabangon ko dito sa kama hehi 
1253542648826085376, eurosian2k, Fri Apr 24 04:33:51 +0000 2020, 115.162057, -8.725478, Kudue kon melu iki @tresnareswari! 
1253542648897351680, yudhistirahat, Fri Apr 24 04:33:51 +0000 2020, 107.140068, -6.370803, @thtgdw https://t.co/ICVYEYH3uS 
1253542648540835840, polsek_senggigi, Fri Apr 24 04:33:51 +0000 2020, 116.044647, -8.585892, Mengantisipasi terjadinya gangguan kamtibmas di bulan suci Ramadhan dengan meningkatkan patroli dialogis ke lokasi‚Ä¶ https://t.co/0jfDIwoPIJ 
1253542650403119104, syanisya99, Fri Apr 24 04:33:52 +0000 2020, 110.782992, -6.716342, @subtanyarl playing victim 
1253542651766300674, katydents, Fri Apr 24 04:33:52 +0000 2020, 101.705305, 3.148531, i cannot even sleep these past few days and you are there sleeping alright and ur lust with other girls even tho u‚Ä¶ https://t.co/Lbj76IgU6m 
1253542652378832897, shineyopo, Fri Apr 24 04:33:52 +0000 2020, 98.968911, 18.791720, ‡∏ä‡πà‡∏ß‡∏á‡∏ô‡∏µ‡πâ‡πÄ‡∏£‡∏¥‡πà‡∏°‡∏°‡∏≤‡∏ö‡πâ‡∏≤‡∏™‡∏µ‡∏ü‡πâ‡∏≤‡πÄ‡∏û‡∏¥‡πà‡∏°‡∏≠‡∏µ‡∏Å‡∏™‡∏µ‡∏ô‡∏∂‡∏á ‡πÅ‡∏•‡∏∞‡∏°‡∏±‡∏ô‡πÄ‡∏õ‡πá‡∏ô‡∏™‡∏µ‡∏ó‡∏µ‡πà‡πÑ‡∏°‡πà‡∏ñ‡∏π‡∏Å‡πÇ‡∏â‡∏•‡∏Å 
1253542653255233536, floritagendu94, Fri Apr 24 04:33:52 +0000 2020, 100.275547, 5.413678, Gara lupa password email, sya guna acc satu lagi. 
1253542653225873408, AphrodityKath, Fri Apr 24 04:33:52 +0000 2020, 120.969502, 14.430456, haluhhhhhü§ß 
1253542653544689664, Febymiratrisna_, Fri Apr 24 04:33:52 +0000 2020, 103.225773, -3.923138, Wkwkw same energyü§£ 
1253542655486615561, mrahcytta, Fri Apr 24 04:33:53 +0000 2020, 121.031141, 14.710894, @carillonlady Same routine Dot. 2 days productive - 2 days slack off, then repeat. 
1253542656216461318, FatiulBiraj, Fri Apr 24 04:33:53 +0000 2020, 92.841305, 24.758217, @DrAlshoreka Ramadan Mubarak to u too from India 
1253542656833056768, xxdddnni, Fri Apr 24 04:33:53 +0000 2020, 103.988868, 1.371257, @KHON_NUAD_MAW ‡∏â‡∏±‡∏ô‡∏à‡∏∞‡∏Ñ‡∏•‡∏±‡πà‡∏á‡∏£‡∏±‡∏Å‡∏≠‡∏¢‡πà‡∏≤‡∏á‡∏£‡∏∞‡∏°‡∏±‡∏î‡∏£‡∏∞‡∏ß‡∏±‡∏á‡∏Ñ‡πà‡∏∞ 
1253542657076260865, csoktav, Fri Apr 24 04:33:53 +0000 2020, 104.013525, 1.130588, Sukur ga barbarüòå 
1253542657655095296, Barka17543657, Fri Apr 24 04:33:53 +0000 2020, 137.780422, -4.772893, @SalminaWanaku Sip yeeaa 
1253542657856438273, kristeldevillaa, Fri Apr 24 04:33:53 +0000 2020, 120.962806, 13.883388, maya na lang ako kakain, nakakatamad ih 
1253542658208755716, montblancxviii, Fri Apr 24 04:33:54 +0000 2020, 112.800231, -7.314341, @raauwi Percayalah, mukaku breakout banget ga kaya di foto :( 
1253542659240554499, soenansilalahi, Fri Apr 24 04:33:54 +0000 2020, 106.761782, -6.392895, Bangsat Anjing Guru Yang Ngisi Otak Loe Sampe Digituin.... 
1253542661224452097, littleegiant, Fri Apr 24 04:33:54 +0000 2020, 112.608575, -7.989709, @Fafiisss aku pgn maido tapi ngko ae wes mas mari allahummalaksumtu 
1253542662482743297, ikhhsn, Fri Apr 24 04:33:55 +0000 2020, 98.687852, 3.678988, @rewellls Sukses terus ya. üôÉ 
1253542662767955968, oliestrella_, Fri Apr 24 04:33:55 +0000 2020, 121.102938, 13.682032, Coffee jelly ü•∞ 
1253542662642294786, papervarin, Fri Apr 24 04:33:55 +0000 2020, 100.515786, 13.693872, https://t.co/7Pgiei7M5a 
1253542665108418561, Claraselin, Fri Apr 24 04:33:55 +0000 2020, 121.561476, 25.085756, @adeliasefri ah benar sekali bunda 
1253542665376854017, Sunmki, Fri Apr 24 04:33:55 +0000 2020, 103.860051, 18.205208, ‡∏î‡∏π‡∏Ñ‡∏±‡πà‡∏ô‡∏Å‡∏π‡πÄ‡∏™‡∏£‡πá‡∏à‡πÅ‡∏•‡πâ‡∏ß‡∏≠‡∏¢‡∏≤‡∏Å‡∏ü‡∏±‡∏á‡πÄ‡∏û‡∏•‡∏á‡∏™‡∏Ñ‡∏£‡∏±‡∏ö‡∏ö‡πå ‡∏û‡∏≠‡∏ü‡∏±‡∏á‡πÄ‡∏û‡∏•‡∏á‡∏™‡∏Ñ‡∏£‡∏±‡∏ö‡∏ö‡πå‡∏à‡∏ö‡πÅ‡∏•‡πâ‡∏ß‡∏≠‡∏¢‡∏≤‡∏Å‡∏¢‡πâ‡∏≠‡∏ô‡∏î‡∏π‡∏Ñ‡∏±‡πà‡∏ô‡∏Å‡∏π‡πÉ‡∏´‡∏°‡πà ‡∏°‡∏π‡∏ü‡∏≠‡∏≠‡∏ô‡πÑ‡∏°‡πà‡πÑ‡∏î‡πâ ‡πÉ‡∏Ñ‡∏£‡πÄ‡∏õ‡πá‡∏ô‡∏ö‡πâ‡∏≤‡∏á‡∏õ‡πà‡∏∞ 5555 ‡∏Å‡∏∏‡πÄ‚Ä¶ https://t.co/Mn3sfaADXR 
1253542665674559489, nxdhirxhhh, Fri Apr 24 04:33:55 +0000 2020, 101.787409, 3.054909, Ramai yang join giveaway i ni kat twitter je i tengok, kat ig tak ramai sangat. Tahu tak kalau join dedua u guys da‚Ä¶ https://t.co/fvOdm1Gs5b 
1253542666916134914, ajhnss, Fri Apr 24 04:33:56 +0000 2020, 120.983987, 14.591456, Ang perfect pala ng mga outfit ko sa zepetoüòÇ 
1253542668908388352, awwgemoiiiii, Fri Apr 24 04:33:56 +0000 2020, 114.316418, -8.146951, @_sygkamu Aku pengen bandel tp ga sembuh nanti 
1253542669000642565, amjincccc, Fri Apr 24 04:33:56 +0000 2020, 106.791905, -6.161844, @mistersenpaikw :3 
1253542669965389831, hyranonuevo, Fri Apr 24 04:33:56 +0000 2020, 124.392595, 8.155757, @sanroksan It‚Äôs okay that‚Äôs love ghorllll hahahahaha 
